insert into person (id, first_name, last_name, gender, phone_number, date_of_birth, bio, privacy) values
    ('2C20B8C0469311EBB3780242AC130002', 'Jovan', 'Svorcan', 0, '1111111', '1998-03-31 23:50:00', 'bio1', 0),
    ('2C20B8C0469311EBB3780242AC130003', 'Maressa', 'Castana', 1, '480-291-1342', '1999-04-14 12:00:00', 'bio3', 1),
    ('2C20B8C0469311EBB3780242AC130004', 'Maressa', 'Castana', 1, '480-291-1346', '1999-04-14 12:00:00', 'bio3', 0),
    ('2C20B8C0469311EBB3780242AC130005', 'Maressa', 'Castana', 0, '480-291-1347', '1999-04-14 12:00:00', 'bio3', 1),
    ('2C20B8C0469311EBB3780242AC130006', 'Maressa', 'Castana', 0, '480-291-1348', '1999-04-14 12:00:00', 'bio5', 1);

insert into followers (follower_id, followed_id) values
    -- both users follow one another
    ('2C20B8C0469311EBB3780242AC130002', '2C20B8C0469311EBB3780242AC130003'),
    ('2C20B8C0469311EBB3780242AC130003', '2C20B8C0469311EBB3780242AC130002'),

    -- only one follows another
    ('2C20B8C0469311EBB3780242AC130002', '2C20B8C0469311EBB3780242AC130004'),

    -- both follow, but one is to be blocked by another for testing blocking
    ('2C20B8C0469311EBB3780242AC130002', '2C20B8C0469311EBB3780242AC130005'),
    ('2C20B8C0469311EBB3780242AC130005', '2C20B8C0469311EBB3780242AC130002');

insert into blocking (blocker_id, blocked_id) values
    ('2C20B8C0469311EBB3780242AC130005', '2C20B8C0469311EBB3780242AC130002');

insert into post (id, text, image_url, person_id, created_at) values
    ('599703C2976311EDA8FC0242AC120002', 'this is a text', 'img1', '2C20B8C0469311EBB3780242AC130002', CURRENT_DATE()),
    ('599703C2976311EDA8FC0242AC120003', 'this is a text also', 'img2', '2C20B8C0469311EBB3780242AC130003', CURRENT_DATE()),
    ('599703C2976311EDA8FC0242AC120004', 'this is a text also also', 'img3', '2C20B8C0469311EBB3780242AC130002', CURRENT_DATE()),
    ('599703C2976311EDA8FC0242AC120005', 'this is a text also also also', 'img4', '2C20B8C0469311EBB3780242AC130004', CURRENT_DATE()),
    ('599703C2976311EDA8FC0242AC120006', 'this is a deletion post', 'img99', '2C20B8C0469311EBB3780242AC130005', CURRENT_DATE());
    
insert into links (post_id, links) values 
    ('599703C2976311EDA8FC0242AC120002', 'link1'), 
    ('599703C2976311EDA8FC0242AC120002', 'link2'), 
    ('599703C2976311EDA8FC0242AC120003', 'link3'), 
    ('599703C2976311EDA8FC0242AC120003', 'link4'), 
    ('599703C2976311EDA8FC0242AC120005', 'link99');

insert into comment (id, text, person_id, post_id, created_at) values
    ('599703C2976311EDA8FC0242AC120007', 'This is my first comment :)', '2C20B8C0469311EBB3780242AC130006', '599703C2976311EDA8FC0242AC120003', CURRENT_DATE()),
    ('599703C2976311EDA8FC0242AC120008', 'This is my second comment :)', '2C20B8C0469311EBB3780242AC130003', '599703C2976311EDA8FC0242AC120003', CURRENT_DATE()),
    ('599703C2976311EDA8FC0242AC120009', 'This is my third comment :)', '2C20B8C0469311EBB3780242AC130004', '599703C2976311EDA8FC0242AC120003', CURRENT_DATE()),
    ('599703C2976311EDA8FC0242AC120010', 'This is my fourth comment :)', '2C20B8C0469311EBB3780242AC130002', '599703C2976311EDA8FC0242AC120004', CURRENT_DATE()),
    ('599703C2976311EDA8FC0242AC120011', 'This is my fifth comment :)', '2C20B8C0469311EBB3780242AC130003', '599703C2976311EDA8FC0242AC120004', CURRENT_DATE());